game_id,book_name,team_id,a_team_id,price1,price2
21700105,Bovada,1610612749,1610612766,150,-170
21700106,Bovada,1610612754,1610612739,375,-550
21700107,Bovada,1610612737,1610612755,260,-320
21700108,Bovada,1610612756,1610612764,475,-750
21700109,Bovada,1610612758,1610612738,600,-1000
21700110,Bovada,1610612741,1610612748,375,-550
21700111,Bovada,1610612745,1610612752,-235,195
21700112,Bovada,1610612753,1610612763,125,-145
21700113,Bovada,1610612750,1610612740,110,-130
21700114,Bovada,1610612761,1610612743,-105,-115
21700115,Bovada,1610612757,1610612762,140,-160
21700116,Bovada,1610612742,1610612746,410,-620
21700117,Bovada,1610612744,1610612759,-360,280
21700118,Bovada,1610612747,1610612757,190,-230
21700119,Bovada,1610612749,1610612765,105,-125
21700120,Bovada,1610612741,1610612753,270,-340
21700121,Bovada,1610612754,1610612755,155,-175
21700122,Bovada,1610612739,1610612764,120,-140
21700123,Bovada,1610612745,1610612737,-450,325
21700124,Bovada,1610612756,1610612752,155,-175
21700125,Bovada,1610612740,1610612742,-190,165
21700126,Bovada,1610612766,1610612759,160,-180
21700127,Bovada,1610612748,1610612743,185,-225
21700128,Bovada,1610612761,1610612762,100,-120
21700129,Bovada,1610612738,1610612760,200,-240
21700130,Bovada,1610612751,1610612747,130,-150
21700131,Bovada,1610612763,1610612746,170,-200
21700132,Bovada,1610612758,1610612765,315,-430
21700133,Bovada,1610612740,1610612741,-210,175
21700134,Bovada,1610612742,1610612750,525,-850
21700135,Bovada,1610612744,1610612743,-420,310
21700136,Bovada,1610612737,1610612739,550,-900
21700137,Bovada,1610612748,1610612746,180,-220
21700138,Bovada,1610612738,1610612753,-165,145
21700139,Bovada,1610612764,1610612761,225,-265
21700140,Bovada,1610612762,1610612745,200,-240
21700141,Bovada,1610612756,1610612759,350,-500
21700142,Bovada,1610612754,1610612752,-115,-105
21700143,Bovada,1610612766,1610612750,170,-200
21700144,Bovada,1610612760,1610612757,-160,140
21700145,Bovada,1610612763,1610612747,-150,130
21700146,Bovada,1610612738,1610612737,-380,290
21700147,Bovada,1610612751,1610612756,-115,-105
21700148,Bovada,1610612748,1610612744,725,-1300
21700149,Bovada,1610612749,1610612739,190,-230
21700150,Bovada,1610612740,1610612754,-125,105
21700151,Bovada,1610612742,1610612764,385,-570
21700152,Bovada,1610612766,1610612752,-130,110
21700153,Bovada,1610612741,1610612761,475,-750
21700154,Bovada,1610612746,1610612759,150,-170
21700155,Bovada,1610612751,1610612743,525,-850
21700156,Bovada,1610612755,1610612762,210,-250
21700157,Bovada,1610612763,1610612757,125,-145
21700158,Bovada,1610612760,1610612758,-650,425
21700159,Bovada,1610612754,1610612765,220,-260
21700160,Bovada,1610612752,1610612753,290,-380
21700161,Bovada,1610612747,1610612738,250,-300
21700162,Bovada,1610612748,1610612756,-245,205
21700163,Bovada,1610612750,1610612744,265,-330
21700164,Bovada,1610612747,1610612764,350,-500
21700165,Bovada,1610612740,1610612761,170,-200
21700166,Bovada,1610612739,1610612745,170,-200
21700167,Bovada,1610612755,1610612758,-250,210
21700168,Bovada,1610612760,1610612743,-140,120
21700169,Bovada,1610612737,1610612765,275,-350
21700170,Bovada,1610612766,1610612738,140,-160
21700171,Bovada,1610612754,1610612741,-155,135
21700172,Bovada,1610612746,1610612760,175,-210
21700173,Bovada,1610612749,1610612759,170,-200
21700174,Bovada,1610612753,1610612756,-170,150
21700175,Bovada,1610612748,1610612762,125,-145
21700176,Bovada,1610612751,1610612757,315,-430
21700177,Bovada,1610612737,1610612764,350,-500
21700178,Bovada,1610612746,1610612740,190,-230
21700179,Bovada,1610612758,1610612752,220,-260
21700180,Bovada,1610612763,1610612745,235,-275
21700181,Bovada,1610612739,1610612742,-250,210
21700182,Bovada,1610612747,1610612749,215,-255
21700183,Bovada,1610612741,1610612759,380,-560
21700184,Bovada,1610612755,1610612744,600,-1000
21700185,Bovada,1610612753,1610612743,290,-380
21700186,Bovada,1610612750,1610612756,-550,375
21700187,Bovada,1610612751,1610612762,245,-290
21700188,Bovada,1610612761,1610612738,-160,140
21700189,Bovada,1610612748,1610612765,120,-140
21700190,Bovada,1610612745,1610612754,-170,150
21700191,Bovada,1610612742,1610612760,400,-600
21700192,Bovada,1610612758,1610612764,450,-700
21700193,Bovada,1610612739,1610612752,-230,190
21700194,Bovada,1610612763,1610612749,145,-165
21700195,Bovada,1610612737,1610612740,350,-500
21700196,Bovada,1610612747,1610612756,-105,-115
21700197,Bovada,1610612750,1610612762,-155,135
21700198,Bovada,1610612743,1610612757,105,-125
21700199,Bovada,1610612753,1610612744,525,-850
21700200,Bovada,1610612755,1610612746,110,-130
21700201,Bovada,1610612738,1610612751,-310,255
21700202,Bovada,1610612761,1610612745,235,-275
21700203,Bovada,1610612759,1610612742,-275,235
21700204,Bovada,1610612758,1610612737,175,-210
21700205,Bovada,1610612764,1610612748,100,-120
21700206,Bovada,1610612762,1610612752,160,-180
21700207,Bovada,1610612739,1610612766,-125,105
21700208,Bovada,1610612754,1610612763,135,-155
21700209,Bovada,1610612765,1610612749,170,-200
21700210,Bovada,1610612759,1610612750,175,-210
21700211,Bovada,1610612761,1610612740,130,-150
21700212,Bovada,1610612741,1610612760,600,-1000
21700213,Bovada,1610612753,1610612757,175,-210
21700214,Bovada,1610612755,1610612747,-175,155
21700215,Bovada,1610612744,1610612738,-280,240
21700216,Bovada,1610612745,1610612756,-900,550
21700217,Bovada,1610612765,1610612754,-105,-115
21700218,Bovada,1610612748,1610612764,180,-220
21700219,Bovada,1610612762,1610612751,105,-125
21700220,Bovada,1610612746,1610612739,240,-280
21700221,Bovada,1610612752,1610612761,265,-330
21700222,Bovada,1610612766,1610612741,-265,225
21700223,Bovada,1610612760,1610612759,-125,105
21700224,Bovada,1610612750,1610612742,-275,235
21700225,Bovada,1610612757,1610612758,-300,250
21700226,Bovada,1610612740,1610612743,155,-175
21700227,Bovada,1610612756,1610612747,250,-300
21700228,Bovada,1610612746,1610612766,170,-200
21700229,Bovada,1610612762,1610612753,210,-250
21700230,Bovada,1610612738,1610612737,-255,215
21700231,Bovada,1610612744,1610612755,-450,325
21700232,Bovada,1610612745,1610612763,-350,275
21700233,Bovada,1610612749,1610612742,-250,210
21700234,Bovada,1610612758,1610612757,550,-900
21700235,Bovada,1610612754,1610612748,185,-225
21700236,Bovada,1610612744,1610612751,-800,500
21700237,Bovada,1610612764,1610612761,235,-275
21700238,Bovada,1610612765,1610612750,200,-240
21700239,Bovada,1610612741,1610612756,125,-145
21700240,Bovada,1610612743,1610612747,-200,170
21700241,Bovada,1610612750,1610612766,110,-130
21700242,Bovada,1610612739,1610612765,-145,125
21700243,Bovada,1610612754,1610612753,150,-170
21700244,Bovada,1610612762,1610612755,205,-245
21700245,Bovada,1610612746,1610612752,-130,110
21700246,Bovada,1610612757,1610612763,-125,105
21700247,Bovada,1610612764,1610612749,135,-155
21700248,Bovada,1610612760,1610612740,-150,130
21700249,Bovada,1610612738,1610612742,-330,265
21700250,Bovada,1610612737,1610612759,315,-430
21700251,Bovada,1610612743,1610612758,-210,175
21700252,Bovada,1610612741,1610612747,225,-265
21700253,Bovada,1610612764,1610612766,115,-135
21700254,Bovada,1610612751,1610612739,475,-750
21700255,Bovada,1610612757,1610612755,140,-160
21700256,Bovada,1610612746,1610612737,-155,135
21700257,Bovada,1610612738,1610612748,-145,125
21700258,Bovada,1610612761,1610612752,-190,165
21700259,Bovada,1610612743,1610612745,325,-450
21700260,Bovada,1610612742,1610612763,205,-245
21700261,Bovada,1610612753,1610612750,240,-280
21700262,Bovada,1610612759,1610612740,-105,-115
21700263,Bovada,1610612744,1610612760,-250,210
21700264,Bovada,1610612749,1610612756,-125,105
21700265,Bovada,1610612741,1610612762,325,-450
21700266,Bovada,1610612747,1610612758,-115,-105
21700267,Bovada,1610612757,1610612751,-200,170
21700268,Bovada,1610612752,1610612737,100,-120
21700269,Bovada,1610612753,1610612738,250,-300
21700270,Bovada,1610612766,1610612739,200,-240
21700271,Bovada,1610612761,1610612754,-140,120
21700272,Bovada,1610612748,1610612750,175,-210
21700273,Bovada,1610612765,1610612760,290,-380
21700274,Bovada,1610612763,1610612743,215,-255
21700275,Bovada,1610612740,1610612756,-255,215
21700276,Bovada,1610612741,1610612744,800,-1600
21700277,Bovada,1610612759,1610612766,-120,100
21700278,Bovada,1610612753,1610612755,185,-225
21700279,Bovada,1610612757,1610612764,155,-175
21700280,Bovada,1610612761,1610612737,-260,220
21700281,Bovada,1610612738,1610612754,-190,165
21700282,Bovada,1610612752,1610612745,750,-1400
21700283,Bovada,1610612760,1610612742,-260,220
21700284,Bovada,1610612740,1610612744,425,-650
21700285,Bovada,1610612749,1610612762,-120,100
21700286,Bovada,1610612746,1610612758,-180,160
21700287,Bovada,1610612748,1610612741,-300,250
21700288,Bovada,1610612756,1610612750,475,-750
21700289,Bovada,1610612751,1610612763,195,-235
21700290,Bovada,1610612753,1610612754,165,-190
21700291,Bovada,1610612739,1610612755,100,-120
21700292,Bovada,1610612765,1610612738,230,-270
21700293,Bovada,1610612757,1610612752,-130,110
21700294,PinnacleSports,1610612751,1610612745,1768,-3333
21700295,Bovada,1610612742,1610612759,335,-470
21700296,Bovada,1610612758,1610612744,600,-1000
21700297,Bovada,1610612747,1610612746,160,-180
21700298,Bovada,1610612748,1610612739,175,-210
21700299,Bovada,1610612756,1610612741,-105,-115
21700300,Bovada,1610612764,1610612750,180,-220
21700301,Bovada,1610612743,1610612762,-105,-115
21700302,Bovada,1610612749,1610612758,-255,215
21700303,Bovada,1610612756,1610612765,500,-800
21700304,Bovada,1610612760,1610612753,-255,215
21700305,Bovada,1610612764,1610612755,250,-300
21700306,Bovada,1610612748,1610612752,115,-135
21700307,Bovada,1610612766,1610612761,255,-310
21700308,Bovada,1610612754,1610612745,450,-700
21700309,Bovada,1610612750,1610612740,210,-250
21700310,Bovada,1610612751,1610612742,175,-210
21700311,Bovada,1610612763,1610612759,325,-450
21700312,Bovada,1610612744,1610612747,-1000,600
21700313,Bovada,1610612739,1610612737,-350,275
21700314,Bovada,1610612755,1610612738,275,-350
21700315,Bovada,1610612741,1610612743,425,-650
21700316,Bovada,1610612749,1610612757,150,-170
21700317,Bovada,1610612762,1610612746,-125,105
21700318,Bovada,1610612744,1610612753,-750,475
21700319,Bovada,1610612754,1610612761,245,-290
21700320,Bovada,1610612765,1610612764,-120,100
21700321,Bovada,1610612766,1610612748,115,-135
21700322,Bovada,1610612758,1610612741,-125,105
21700323,Bovada,1610612759,1610612763,-170,150
21700324,Bovada,1610612750,1610612760,195,-235
21700325,Bovada,1610612740,1610612762,-160,140
21700326,Bovada,1610612756,1610612738,650,-1100
21700327,Bovada,1610612746,1610612742,170,-200
21700328,Bovada,1610612737,1610612751,175,-210
21700329,Bovada,1610612763,1610612739,500,-800
21700330,Bovada,1610612765,1610612755,155,-175
21700331,Bovada,1610612758,1610612749,650,-1100
21700332,Bovada,1610612747,1610612743,140,-160
21700333,Bovada,1610612740,1610612757,245,-290
21700334,Bovada,1610612753,1610612752,-140,120
21700335,Bovada,1610612744,1610612748,-670,435
21700336,Bovada,1610612746,1610612750,550,-900
21700337,Bovada,1610612759,1610612760,275,-350
21700338,Bovada,1610612745,1610612747,-800,500
21700339,Bovada,1610612753,1610612766,250,-300
21700340,Bovada,1610612752,1610612754,500,-800
21700341,Bovada,1610612756,1610612755,425,-650
21700342,Bovada,1610612751,1610612737,-105,-115
21700343,Bovada,1610612749,1610612738,170,-200
21700344,Bovada,1610612739,1610612741,-550,375
21700345,Bovada,1610612750,1610612763,-155,135
21700346,Bovada,1610612744,1610612740,-450,325
21700347,Bovada,1610612743,1610612742,115,-135
21700348,Bovada,1610612765,1610612759,155,-175
21700349,Bovada,1610612764,1610612762,145,-165
21700350,Bovada,1610612756,1610612761,700,-1200
21700351,Bovada,1610612762,1610612760,280,-360
21700352,Bovada,1610612764,1610612757,215,-255
21700353,Bovada,1610612758,1610612739,650,-1100
21700354,Bovada,1610612741,1610612754,375,-550
21700355,Bovada,1610612737,1610612753,200,-240
21700356,Bovada,1610612742,1610612738,285,-370
21700357,Bovada,1610612763,1610612752,110,-130
21700358,Bovada,1610612744,1610612766,-165,145
21700359,Bovada,1610612765,1610612749,150,-170
21700360,Bovada,1610612743,1610612740,180,-220
21700361,Bovada,1610612748,1610612759,280,-360
21700362,Bovada,1610612750,1610612746,-220,180
21700363,Bovada,1610612747,1610612755,310,-420
21700364,Bovada,1610612764,1610612756,-270,230
21700365,Bovada,1610612760,1610612751,-310,255
21700366,Bovada,1610612745,1610612762,-280,240
21700367,Bovada,1610612741,1610612766,375,-550
21700368,Bovada,1610612744,1610612765,-230,190
21700369,Bovada,1610612739,1610612754,-175,155
21700370,Bovada,1610612743,1610612753,115,-135
21700371,Bovada,1610612761,1610612763,-245,205
21700372,Bovada,1610612742,1610612749,255,-310
21700373,Bovada,1610612758,1610612740,400,-600
21700374,Bovada,1610612738,1610612759,110,-130
21700375,Bovada,1610612764,1610612746,-130,110
21700376,Bovada,1610612748,1610612751,-135,115
21700377,Bovada,1610612747,1610612766,130,-150
21700378,Bovada,1610612753,1610612737,180,-220
21700379,Bovada,1610612755,1610612739,195,-235
21700380,Bovada,1610612752,1610612741,-175,155
21700381,Bovada,1610612762,1610612749,105,-125
21700382,Bovada,1610612760,1610612763,-210,175
21700383,Bovada,1610612759,1610612756,-230,190
21700384,Bovada,1610612745,1610612757,-400,300
21700385,Bovada,1610612761,1610612758,-430,315
21700386,Bovada,1610612738,1610612765,-130,110
21700387,Bovada,1610612743,1610612754,190,-230
21700388,Bovada,1610612742,1610612750,270,-340
21700389,Bovada,1610612755,1610612740,230,-270
21700390,Bovada,1610612737,1610612752,200,-240
21700391,Bovada,1610612738,1610612741,-230,190
21700392,Bovada,1610612740,1610612745,700,-1200
21700393,Bovada,1610612748,1610612763,100,-120
21700394,Bovada,1610612766,1610612760,265,-330
21700395,Bovada,1610612757,1610612744,310,-420
21700396,Bovada,1610612761,1610612746,-240,200
21700397,Bovada,1610612737,1610612739,600,-1000
21700398,Bovada,1610612743,1610612765,225,-265
21700399,Bovada,1610612747,1610612752,125,-145
21700400,Bovada,1610612764,1610612751,-160,140
21700401,Bovada,1610612755,1610612750,170,-200
21700402,Bovada,1610612759,1610612742,-265,225
21700403,Bovada,1610612756,1610612758,170,-200
21700404,Bovada,1610612760,1610612754,-125,105
21700405,Bovada,1610612746,1610612753,-105,-115
21700406,Bovada,1610612763,1610612764,265,-330
21700407,Bovada,1610612743,1610612738,200,-240
21700408,Bovada,1610612757,1610612748,120,-140
21700409,Bovada,1610612762,1610612741,-220,180
21700410,Bovada,1610612749,1610612740,110,-130
21700411,Bovada,1610612761,1610612756,-800,500
21700412,Bovada,1610612766,1610612745,500,-800
21700413,Bovada,1610612765,1610612737,-175,155
21700414,Bovada,1610612752,1610612751,-105,-115
21700415,Bovada,1610612747,1610612739,400,-600
21700416,Bovada,1610612758,1610612750,400,-600
21700417,Bovada,1610612742,1610612744,375,-550
21700418,Bovada,1610612748,1610612766,170,-200
21700419,Bovada,1610612765,1610612754,175,-210
21700420,Bovada,1610612757,1610612753,-175,155
21700421,Bovada,1610612760,1610612755,-105,-115
21700422,Bovada,1610612746,1610612764,400,-600
21700423,Bovada,1610612762,1610612738,175,-210
21700424,Bovada,1610612751,1610612761,600,-1000
21700425,Bovada,1610612737,1610612763,210,-250
21700426,Bovada,1610612741,1610612749,300,-400
21700427,Bovada,1610612740,1610612743,110,-130
21700428,Bovada,1610612759,1610612745,280,-360
21700429,Bovada,1610612757,1610612766,140,-160
21700430,Bovada,1610612762,1610612739,375,-550
21700431,Bovada,1610612760,1610612752,-190,165
21700432,Bovada,1610612746,1610612748,220,-260
21700433,Bovada,1610612749,1610612745,425,-650
21700434,Bovada,1610612756,1610612750,550,-900
21700435,Bovada,1610612742,1610612759,215,-255
21700436,Bovada,1610612738,1610612763,-235,195
21700437,Bovada,1610612758,1610612761,600,-1000
21700438,Bovada,1610612753,1610612765,325,-450
21700439,Bovada,1610612754,1610612751,-165,145
21700440,Bovada,1610612739,1610612764,100,-120
21700441,Bovada,1610612752,1610612766,265,-330
21700442,Bovada,1610612738,1610612754,-150,130
21700443,Bovada,1610612748,1610612737,100,-120
21700444,Bovada,1610612755,1610612741,-130,110
21700445,Bovada,1610612762,1610612745,600,-1000
21700446,Bovada,1610612757,1610612750,165,-190
21700447,Bovada,1610612743,1610612760,175,-210
21700448,Bovada,1610612756,1610612742,260,-320
21700449,Bovada,1610612746,1610612759,525,-850
21700450,Bovada,1610612744,1610612747,-235,195
21700451,Bovada,1610612758,1610612755,285,-370
21700452,Bovada,1610612740,1610612764,115,-135
21700453,Bovada,1610612739,1610612749,-130,110
21700454,Bovada,1610612761,1610612766,-140,120
21700455,Bovada,1610612754,1610612737,-220,180
21700456,Bovada,1610612748,1610612738,330,-460
21700457,Bovada,1610612758,1610612751,185,-225
21700458,Bovada,1610612753,1610612741,175,-210
21700459,Bovada,1610612747,1610612745,775,-1500
21700460,Bovada,1610612762,1610612760,275,-350
21700461,Bovada,1610612765,1610612742,-105,-115
21700462,Bovada,1610612750,1610612743,115,-135
21700463,Bovada,1610612759,1610612757,115,-135
21700464,Bovada,1610612763,1610612744,390,-580
21700465,Bovada,1610612756,1610612746,190,-230
21700466,Bovada,1610612741,1610612739,425,-650
21700467,Bovada,1610612761,1610612755,-175,155
21700468,Bovada,1610612738,1610612752,-150,130
21700469,Bovada,1610612763,1610612756,-150,130
21700470,Bovada,1610612759,1610612762,-145,125
21700471,Bovada,1610612752,1610612765,225,-265
21700472,Bovada,1610612740,1610612753,-230,190
21700473,Bovada,1610612764,1610612751,-245,205
21700474,Bovada,1610612742,1610612748,-120,100
21700475,Bovada,1610612746,1610612745,525,-850
21700476,Bovada,1610612766,1610612749,180,-220
21700477,Bovada,1610612737,1610612760,475,-750
21700478,Bovada,1610612743,1610612757,-120,100
21700479,Bovada,1610612747,1610612744,450,-700
21700480,Bovada,1610612755,1610612761,270,-340
21700481,Bovada,1610612749,1610612766,155,-175
21700482,Bovada,1610612751,1610612754,375,-550
21700483,Bovada,1610612753,1610612764,525,-850
21700484,Bovada,1610612742,1610612737,-120,100
21700485,Bovada,1610612741,1610612738,280,-360
21700486,Bovada,1610612740,1610612748,-155,135
21700487,Bovada,1610612746,1610612763,115,-135
21700488,Bovada,1610612760,1610612762,-105,-115
21700489,Bovada,1610612743,1610612744,300,-400
21700490,Bovada,1610612750,1610612756,-350,275
21700491,Bovada,1610612757,1610612747,140,-160
21700492,Bovada,1610612759,1610612758,-250,210
21700493,Bovada,1610612755,1610612752,-120,100
21700494,Bovada,1610612739,1610612744,150,-170
21700495,Bovada,1610612764,1610612738,165,-190
21700496,Bovada,1610612745,1610612760,105,-125
21700497,Bovada,1610612750,1610612747,-245,205
21700498,Bovada,1610612754,1610612765,100,-120
21700499,Bovada,1610612761,1610612742,-255,215
21700500,Bovada,1610612753,1610612748,300,-400
21700501,Bovada,1610612741,1610612749,250,-300
21700502,Bovada,1610612751,1610612759,525,-850
21700503,Bovada,1610612762,1610612743,210,-250
21700504,Bovada,1610612763,1610612756,-125,105
21700505,Bovada,1610612758,1610612746,190,-230
21700506,Bovada,1610612738,1610612766,-125,105
21700507,Bovada,1610612742,1610612754,150,-170
21700508,Bovada,1610612764,1610612737,-235,195
21700509,Bovada,1610612752,1610612741,105,-125
21700510,Bovada,1610612743,1610612750,175,-210
21700511,Bovada,1610612751,1610612740,325,-450
21700512,Bovada,1610612761,1610612760,140,-160
21700513,Bovada,1610612739,1610612758,-480,340
21700514,Bovada,1610612762,1610612744,475,-750
21700515,Bovada,1610612763,1610612747,145,-165
21700516,Bovada,1610612765,1610612753,-175,155
21700517,Bovada,1610612745,1610612738,-130,110
21700518,Bovada,1610612750,1610612749,155,-175
21700519,Bovada,1610612752,1610612759,415,-630
21700520,Bovada,1610612755,1610612757,-135,115
21700521,Bovada,1610612745,1610612764,-135,115
21700522,Bovada,1610612737,1610612761,450,-700
21700523,Bovada,1610612751,1610612748,220,-260
21700524,Bovada,1610612754,1610612741,140,-160
21700525,Bovada,1610612742,1610612740,235,-275
21700526,Bovada,1610612749,1610612760,210,-250
21700527,Bovada,1610612756,1610612758,125,-145
21700528,Bovada,1610612766,1610612744,400,-600
21700529,Bovada,1610612746,1610612747,-150,130
21700530,Bovada,1610612759,1610612765,-200,170
21700531,Bovada,1610612748,1610612753,-120,100
21700532,Bovada,1610612752,1610612740,190,-230
21700533,Bovada,1610612757,1610612737,-135,115
21700534,Bovada,1610612739,1610612762,-150,130
21700535,Bovada,1610612763,1610612744,800,-1700
21700536,Bovada,1610612755,1610612743,240,-280
21700537,Bovada,1610612741,1610612764,270,-340
21700538,Bovada,1610612750,1610612754,-150,130
21700539,Bovada,1610612751,1610612738,375,-550
21700540,Bovada,1610612747,1610612745,750,-1400
21700541,Bovada,1610612742,1610612760,275,-350
21700542,Bovada,1610612766,1610612746,110,-130
21700543,Bovada,1610612763,1610612758,115,-135
21700544,Bovada,1610612755,1610612756,-165,145
21700545,Bovada,1610612753,1610612751,105,-125
21700546,Bovada,1610612749,1610612761,205,-245
21700547,Bovada,1610612757,1610612741,140,-160
21700548,Bovada,1610612747,1610612750,335,-470
21700549,Bovada,1610612757,1610612739,375,-550
21700550,Bovada,1610612759,1610612752,-220,180
21700551,Bovada,1610612737,1610612756,100,-120
21700552,Bovada,1610612766,1610612758,-175,155
21700553,Bovada,1610612763,1610612746,215,-255
21700554,Bovada,1610612745,1610612753,-320,260
21700555,Bovada,1610612759,1610612755,150,-170
21700556,Bovada,1610612752,1610612764,340,-480
21700557,Bovada,1610612750,1610612751,-275,235
21700558,Bovada,1610612765,1610612748,165,-190
21700559,Bovada,1610612739,1610612738,120,-140
21700560,Bovada,1610612761,1610612741,-200,170
21700561,Bovada,1610612754,1610612749,260,-320
21700562,Bovada,1610612744,1610612742,-400,300
21700563,Bovada,1610612756,1610612743,525,-850
21700564,Bovada,1610612740,1610612762,-105,-115
21700565,Bovada,1610612760,1610612747,-245,205
21700566,Bovada,1610612744,1610612745,-200,170
21700567,Bovada,1610612760,1610612746,-120,100
21700568,Bovada,1610612752,1610612748,220,-260
21700569,Bovada,1610612765,1610612755,180,-220
21700570,Bovada,1610612750,1610612738,150,-170
21700571,Bovada,1610612761,1610612749,-105,-115
21700572,Bovada,1610612741,1610612742,155,-175
21700573,Bovada,1610612756,1610612759,500,-800
21700574,Bovada,1610612762,1610612743,240,-280
21700575,Bovada,1610612764,1610612763,-200,170
21700576,Bovada,1610612737,1610612757,260,-320
21700577,Bovada,1610612766,1610612747,-135,115
21700578,Bovada,1610612744,1610612746,-420,310
21700579,Bovada,1610612738,1610612751,-165,145
21700580,Bovada,1610612745,1610612765,-250,210
21700581,Bovada,1610612741,1610612754,200,-240
21700582,Bovada,1610612739,1610612753,-450,325
21700583,Bovada,1610612749,1610612764,135,-155
21700584,Bovada,1610612740,1610612750,105,-125
21700585,Bovada,1610612743,1610612758,-360,280
21700586,Bovada,1610612762,1610612748,150,-170
21700587,Bovada,1610612752,1610612742,175,-210
21700588,Bovada,1610612760,1610612756,-420,310
21700589,Bovada,1610612759,1610612757,-105,-115
21700590,Bovada,1610612737,1610612747,150,-170
21700591,Bovada,1610612749,1610612754,100,-120
21700592,Bovada,1610612761,1610612751,-320,260
21700593,Bovada,1610612745,1610612741,-250,210
21700594,Bovada,1610612739,1610612750,-125,105
21700595,Bovada,1610612765,1610612740,220,-260
21700596,Bovada,1610612759,1610612758,-225,185
21700597,Bovada,1610612743,1610612744,425,-650
21700598,Bovada,1610612737,1610612746,170,-200
21700599,Bovada,1610612748,1610612761,165,-190
21700600,Bovada,1610612757,1610612760,285,-370
21700601,Bovada,1610612753,1610612742,255,-310
21700602,Bovada,1610612758,1610612747,280,-360
21700603,Bovada,1610612742,1610612766,240,-280
21700604,Bovada,1610612748,1610612754,170,-200
21700605,Bovada,1610612762,1610612764,300,-400
21700606,Bovada,1610612765,1610612751,-140,120
21700607,Bovada,1610612741,1610612752,180,-220
21700608,Bovada,1610612757,1610612745,235,-275
21700609,Bovada,1610612740,1610612763,-120,100
21700610,Bovada,1610612753,1610612749,435,-670
21700611,Bovada,1610612760,1610612750,165,-190
21700612,Bovada,1610612737,1610612743,350,-500
21700613,Bovada,1610612746,1610612744,525,-850
21700614,Bovada,1610612738,1610612755,-150,130
21700615,Bovada,1610612739,1610612761,-160,140
21700616,Bovada,1610612746,1610612758,-175,155
21700617,Bovada,1610612759,1610612747,-150,130
21700618,Bovada,1610612762,1610612766,165,-190
21700619,Bovada,1610612739,1610612754,-135,115
21700620,Bovada,1610612753,1610612764,425,-650
21700621,Bovada,1610612751,1610612737,125,-145
21700622,Bovada,1610612744,1610612749,-210,175
21700623,Bovada,1610612752,1610612750,310,-420
21700624,Bovada,1610612757,1610612740,145,-165
21700625,Bovada,1610612763,1610612743,230,-270
21700626,Bovada,1610612745,1610612756,-320,260
21700627,Bovada,1610612747,1610612742,160,-180
21700628,Bovada,1610612758,1610612746,245,-290
21700629,Bovada,1610612760,1610612766,-140,120
21700630,Bovada,1610612751,1610612764,350,-500
21700631,Bovada,1610612744,1610612761,-235,195
21700632,Bovada,1610612765,1610612741,-115,-105
21700633,Bovada,1610612743,1610612759,260,-320
21700634,Bovada,1610612749,1610612748,105,-125
21700635,Bovada,1610612740,1610612752,-140,120
21700636,Bovada,1610612754,1610612756,-165,145
21700637,Bovada,1610612757,1610612750,220,-260
21700638,Bovada,1610612766,1610612765,140,-160
21700639,Bovada,1610612761,1610612755,-135,115
21700640,Bovada,1610612749,1610612764,175,-210
21700641,Bovada,1610612759,1610612737,-235,195
21700642,Bovada,1610612752,1610612751,150,-170
21700643,Bovada,1610612758,1610612760,550,-900
21700644,PinnacleSports,1610612748,1610612741,108,-119
21700645,Bovada,1610612747,1610612763,145,-165
21700646,Bovada,1610612744,1610612739,-245,205
21700647,Bovada,1610612754,1610612762,165,-190
21700648,Bovada,1610612745,1610612746,-220,180
21700649,Bovada,1610612750,1610612753,-400,300
21700650,Bovada,1610612740,1610612738,205,-245
21700651,Bovada,1610612742,1610612743,210,-250
21700652,Bovada,1610612756,1610612757,425,-650
21700653,Bovada,1610612764,1610612766,105,-125
21700654,Bovada,1610612740,1610612737,-140,120
21700655,Bovada,1610612759,1610612751,-220,180
21700656,Bovada,1610612765,1610612761,310,-420
21700657,Bovada,1610612744,1610612741,-420,310
21700658,Bovada,1610612752,1610612763,-140,120
21700659,Bovada,1610612748,1610612749,170,-200
21700660,Bovada,1610612747,1610612760,375,-550
21700661,Bovada,1610612762,1610612758,-190,165
21700662,Bovada,1610612743,1610612746,170,-200
21700663,Bovada,1610612755,1610612738,130,-150
21700664,Bovada,1610612753,1610612739,550,-900
21700665,Bovada,1610612750,1610612745,165,-190
21700666,Bovada,1610612754,1610612757,165,-190
21700667,Bovada,1610612759,1610612761,210,-250
21700668,Bovada,1610612748,1610612751,-170,150
21700669,Bovada,1610612764,1610612765,-120,100
21700670,Bovada,1610612758,1610612763,210,-250
21700671,Bovada,1610612756,1610612743,320,-440
21700672,Bovada,1610612752,1610612762,180,-220
21700673,Bovada,1610612754,1610612747,-150,130
21700674,Bovada,1610612760,1610612739,135,-155
21700675,Bovada,1610612741,1610612737,100,-120
21700676,Bovada,1610612748,1610612766,245,-290
21700677,Bovada,1610612763,1610612740,310,-420
21700678,Bovada,1610612749,1610612755,265,-330
21700679,Bovada,1610612744,1610612745,-160,140
21700680,Bovada,1610612761,1610612750,-120,100
21700681,Bovada,1610612746,1610612762,115,-135
21700682,Bovada,1610612742,1610612757,185,-225
21700683,Bovada,1610612753,1610612738,425,-650
21700684,Bovada,1610612752,1610612747,-135,115
21700685,Bovada,1610612751,1610612765,200,-240
21700686,Bovada,1610612754,1610612759,195,-235
21700687,Bovada,1610612758,1610612766,400,-600
21700688,Bovada,1610612762,1610612737,-150,130
21700689,Bovada,1610612748,1610612745,475,-750
21700690,Bovada,1610612755,1610612763,-155,135
21700691,Bovada,1610612756,1610612749,185,-225
21700692,Bovada,1610612741,1610612740,220,-260
21700693,Bovada,1610612764,1610612742,-130,110
21700694,Bovada,1610612757,1610612743,140,-160
21700695,Bovada,1610612750,1610612746,105,-125
21700696,Bovada,1610612758,1610612753,260,-320
21700697,Bovada,1610612751,1610612760,375,-550
21700698,Bovada,1610612739,1610612759,-150,130
21700699,Bovada,1610612752,1610612744,1200,-2400
21700700,Bovada,1610612738,1610612747,-230,190
21700701,Bovada,1610612740,1610612766,115,-135
21700702,Bovada,1610612762,1610612765,120,-140
21700703,Bovada,1610612756,1610612754,230,-270
21700704,Bovada,1610612741,1610612755,185,-225
21700705,Bovada,1610612761,1610612737,-280,240
21700706,Bovada,1610612745,1610612742,-280,240
21700707,Bovada,1610612759,1610612763,-125,105
21700708,Bovada,1610612750,1610612757,135,-155
21700709,Bovada,1610612738,1610612746,125,-145
21700710,Bovada,1610612758,1610612748,375,-550
21700711,Bovada,1610612764,1610612760,170,-200
21700712,Bovada,1610612752,1610612743,230,-270
21700713,Bovada,1610612750,1610612744,550,-900
21700714,Bovada,1610612737,1610612766,240,-280
21700715,Bovada,1610612754,1610612739,230,-270
21700716,Bovada,1610612762,1610612761,300,-400
21700717,Bovada,1610612747,1610612741,145,-165
21700718,Bovada,1610612746,1610612763,-180,160
21700719,Bovada,1610612751,1610612749,210,-250
21700720,Bovada,1610612745,1610612740,-200,170
21700721,Bovada,1610612757,1610612742,-125,105
21700722,Bovada,1610612755,1610612759,150,-170
21700723,Bovada,1610612752,1610612756,-120,100
21700724,Bovada,1610612760,1610612765,-180,160
21700725,Bovada,1610612753,1610612754,210,-250
21700726,Bovada,1610612764,1610612737,-175,155
21700727,Bovada,1610612766,1610612748,155,-175
21700728,Bovada,1610612738,1610612744,425,-650
21700729,Bovada,1610612751,1610612750,475,-750
21700730,Bovada,1610612742,1610612743,275,-350
21700731,Bovada,1610612749,1610612741,-150,130
21700732,Bovada,1610612756,1610612745,900,-1900
21700733,Bovada,1610612746,1610612740,105,-125
21700734,Bovada,1610612765,1610612739,290,-380
21700735,Bovada,1610612747,1610612761,410,-620
21700736,Bovada,1610612755,1610612760,145,-165
21700737,Bovada,1610612758,1610612759,475,-750
21700738,Bovada,1610612766,1610612754,110,-130
21700739,Bovada,1610612750,1610612737,-290,245
21700740,Bovada,1610612756,1610612763,285,-370
21700741,Bovada,1610612755,1610612749,230,-270
21700742,Bovada,1610612748,1610612742,-135,115
21700743,Bovada,1610612738,1610612743,-105,-115
21700744,Bovada,1610612760,1610612764,-175,155
21700745,Bovada,1610612751,1610612752,210,-250
21700746,Bovada,1610612750,1610612761,220,-260
21700747,Bovada,1610612739,1610612765,-255,215
21700748,Bovada,1610612753,1610612745,700,-1200
21700749,Bovada,1610612758,1610612740,325,-450
21700750,Bovada,1610612743,1610612759,240,-280
21700751,Bovada,1610612744,1610612762,-420,310
21700752,Bovada,1610612757,1610612746,-155,135
21700753,Bovada,1610612763,1610612754,280,-360
21700754,Bovada,1610612747,1610612753,-160,140
21700755,Bovada,1610612766,1610612737,-150,130
21700756,Bovada,1610612755,1610612751,-350,275
21700757,Bovada,1610612748,1610612739,130,-150
21700758,Bovada,1610612752,1610612738,185,-225
21700759,Bovada,1610612741,1610612757,290,-380
21700760,Bovada,1610612742,1610612756,-140,120
21700761,Bovada,1610612763,1610612765,300,-400
21700762,Bovada,1610612761,1610612764,-180,160
21700763,Bovada,1610612749,1610612750,205,-245
21700764,Bovada,1610612745,1610612759,-145,125
21700765,Bovada,1610612760,1610612743,-145,125
21700766,Bovada,1610612754,1610612766,155,-175
21700767,Bovada,1610612737,1610612738,240,-280
21700768,Bovada,1610612747,1610612751,100,-120
21700769,Bovada,1610612757,1610612761,170,-200
21700770,Bovada,1610612748,1610612755,150,-170
21700771,Bovada,1610612752,1610612749,155,-175
21700772,Bovada,1610612740,1610612760,225,-265
21700773,Bovada,1610612762,1610612756,-250,210
21700774,Bovada,1610612744,1610612758,-1700,800
21700775,Bovada,1610612741,1610612746,325,-450
21700776,Bovada,1610612748,1610612765,170,-200
21700777,Bovada,1610612755,1610612754,-105,-115
21700778,Bovada,1610612764,1610612753,-210,175
21700779,Bovada,1610612745,1610612739,-175,155
21700780,Bovada,1610612740,1610612750,275,-350
21700781,Bovada,1610612762,1610612759,235,-275
21700782,Bovada,1610612744,1610612743,-225,185
21700783,Bovada,1610612742,1610612758,-180,160
21700784,Bovada,1610612757,1610612738,-120,100
21700785,Bovada,1610612749,1610612751,-200,170
21700786,Bovada,1610612737,1610612752,190,-230
21700787,Bovada,1610612763,1610612761,550,-900
21700788,Bovada,1610612747,1610612760,375,-550
21700789,Bovada,1610612766,1610612756,-260,220
21700790,Bovada,1610612757,1610612765,130,-150
21700791,Bovada,1610612764,1610612754,-155,135
21700792,Bovada,1610612753,1610612748,290,-380
21700793,Bovada,1610612762,1610612740,-105,-115
21700794,Bovada,1610612766,1610612743,165,-190
21700795,Bovada,1610612741,1610612758,115,-135
21700796,Bovada,1610612742,1610612746,215,-255
21700797,Bovada,1610612739,1610612753,-320,260
21700798,Bovada,1610612738,1610612761,165,-190
21700799,Bovada,1610612763,1610612737,130,-150
21700800,Bovada,1610612745,1610612751,-800,500
21700801,Bovada,1610612749,1610612752,-125,105
21700802,Bovada,1610612764,1610612755,220,-260
21700803,Bovada,1610612760,1610612744,340,-480
21700804,Bovada,1610612756,1610612747,275,-350
21700805,Bovada,1610612751,1610612765,375,-550
21700806,Bovada,1610612745,1610612748,-210,175
21700807,Bovada,1610612750,1610612739,-150,130
21700808,Bovada,1610612762,1610612763,-270,230
21700809,Bovada,1610612754,1610612740,-105,-115
21700810,Bovada,1610612759,1610612756,-650,425
21700811,Bovada,1610612737,1610612753,-125,105
21700812,Bovada,1610612752,1610612761,750,-1400
21700813,Bovada,1610612738,1610612764,-140,120
21700814,Bovada,1610612766,1610612757,145,-165
21700815,Bovada,1610612742,1610612744,725,-1300
21700816,Bovada,1610612760,1610612747,-105,-115
21700817,Bovada,1610612746,1610612765,155,-175
21700818,Bovada,1610612740,1610612755,210,-250
21700819,Bovada,1610612739,1610612737,-140,120
21700820,Bovada,1610612754,1610612738,165,-190
21700821,Bovada,1610612749,1610612748,-105,-115
21700822,Bovada,1610612750,1610612741,-330,265
21700823,Bovada,1610612743,1610612745,320,-440
21700824,Bovada,1610612766,1610612762,200,-240
21700825,Bovada,1610612757,1610612758,-225,185
21700826,Bovada,1610612740,1610612751,-145,125
21700827,Bovada,1610612749,1610612753,-200,170
21700828,Bovada,1610612746,1610612755,175,-210
21700829,Bovada,1610612764,1610612741,-220,180
21700830,Bovada,1610612747,1610612742,120,-140
21700831,Bovada,1610612759,1610612744,450,-700
21700832,Bovada,1610612743,1610612756,-300,250
21700833,Bovada,1610612761,1610612766,-175,155
21700834,Bovada,1610612765,1610612737,-175,155
21700835,Bovada,1610612739,1610612738,155,-175
21700836,Bovada,1610612752,1610612754,275,-350
21700837,Bovada,1610612742,1610612745,1000,-2200
21700838,Bovada,1610612758,1610612750,750,-1400
21700839,Bovada,1610612763,1610612760,170,-200
21700840,Bovada,1610612762,1610612757,155,-175
21700841,Bovada,1610612740,1610612765,150,-170
21700842,Bovada,1610612752,1610612755,475,-750
21700843,Bovada,1610612746,1610612751,-190,165
21700844,Bovada,1610612753,1610612741,170,-200
21700845,Bovada,1610612759,1610612762,155,-175
21700846,Bovada,1610612756,1610612744,1100,-2300
21700847,Bovada,1610612748,1610612761,300,-400
21700848,Bovada,1610612737,1610612749,260,-320
21700849,Bovada,1610612745,1610612750,-170,150
21700850,Bovada,1610612739,1610612760,125,-145
21700851,Bovada,1610612758,1610612742,230,-270
21700852,Bovada,1610612759,1610612743,220,-260
21700853,Bovada,1610612737,1610612765,400,-600
21700854,Bovada,1610612766,1610612753,-270,230
21700855,Bovada,1610612748,1610612755,150,-170
21700856,Bovada,1610612754,1610612751,-190,165
21700857,Bovada,1610612764,1610612752,-190,165
21700858,Bovada,1610612746,1610612738,185,-225
21700859,Bovada,1610612761,1610612741,-290,245
21700860,Bovada,1610612758,1610612745,950,-2000
21700861,Bovada,1610612760,1610612763,-210,175
21700862,Bovada,1610612747,1610612740,170,-200
21700863,Bovada,1610612756,1610612762,450,-700
21700864,Bovada,1610612744,1610612757,-290,245
21700865,Bovada,1610612743,1610612749,120,-140
21700866,Bovada,1610612747,1610612750,350,-500
21700867,Bovada,1610612751,1610612766,285,-370
21700868,Bovada,1610612752,1610612753,150,-170
21700869,Bovada,1610612764,1610612739,245,-290
21700870,Bovada,1610612755,1610612741,-330,265
21700871,Bovada,1610612760,1610612758,-370,285
21700872,Bovada,1610612746,1610612744,450,-700
21700873,Bovada,1610612738,1610612765,-140,120
21700874,Bovada,1610612737,1610612754,260,-320
21700875,Bovada,1610612766,1610612764,150,-170
21700876,Bovada,1610612749,1610612761,265,-330
21700877,Bovada,1610612750,1610612745,255,-310
21700878,Bovada,1610612739,1610612763,-240,200
21700879,Bovada,1610612748,1610612740,105,-125
21700880,Bovada,1610612759,1610612743,145,-165
21700881,Bovada,1610612746,1610612756,-230,190
21700882,Bovada,1610612757,1610612762,165,-190
21700883,Bovada,1610612742,1610612747,165,-190
21700884,Bovada,1610612753,1610612755,400,-600
21700885,Bovada,1610612763,1610612748,375,-550
21700886,Bovada,1610612738,1610612752,-250,210
21700887,Bovada,1610612760,1610612744,350,-500
21700888,Bovada,1610612741,1610612750,270,-340
21700889,Bovada,1610612757,1610612756,-275,235
21700890,Bovada,1610612742,1610612762,400,-600
21700891,Bovada,1610612747,1610612758,-140,120
21700892,Bovada,1610612765,1610612766,165,-190
21700893,Bovada,1610612740,1610612749,165,-190
21700894,Bovada,1610612759,1610612739,185,-225
21700895,Bovada,1610612755,1610612764,100,-120
21700896,Bovada,1610612745,1610612743,-225,185
21700897,Bovada,1610612747,1610612737,-145,125
21700898,Bovada,1610612763,1610612738,600,-1000
21700899,Bovada,1610612741,1610612751,160,-180
21700900,Bovada,1610612744,1610612752,-1200,700
21700901,Bovada,1610612765,1610612761,450,-700
21700902,Bovada,1610612756,1610612740,250,-300
21700903,Bovada,1610612753,1610612760,425,-650
21700904,Bovada,1610612754,1610612742,-170,150
21700905,Bovada,1610612745,1610612762,-135,115
21700906,Bovada,1610612750,1610612758,-210,175
21700907,Bovada,1610612741,1610612766,475,-750
21700908,Bovada,1610612751,1610612739,475,-750
21700909,Bovada,1610612755,1610612748,-115,-105
21700910,Bovada,1610612764,1610612749,135,-155
21700911,Bovada,1610612758,1610612757,700,-1200
21700912,Bovada,1610612746,1610612743,205,-245
21700913,Bovada,1610612749,1610612765,100,-120
21700914,Bovada,1610612761,1610612753,-500,350
21700915,Bovada,1610612754,1610612737,-200,170
21700916,Bovada,1610612766,1610612738,280,-360
21700917,Bovada,1610612744,1610612764,-450,325
21700918,Bovada,1610612756,1610612763,130,-150
21700919,Bovada,1610612760,1610612742,-225,185
21700920,Bovada,1610612740,1610612759,165,-190
21700921,Bovada,1610612745,1610612746,-440,320
21700922,Bovada,1610612747,1610612748,180,-220
21700923,Bovada,1610612755,1610612739,140,-160
21700924,Bovada,1610612751,1610612758,-140,120
21700925,Bovada,1610612750,1610612757,180,-220
21700926,Bovada,1610612765,1610612753,-145,125
21700927,Bovada,1610612766,1610612755,155,-175
21700928,Bovada,1610612744,1610612737,-1300,725
21700929,Bovada,1610612761,1610612764,-160,140
21700930,Bovada,1610612742,1610612741,-130,110
21700931,Bovada,1610612743,1610612763,-420,310
21700932,Bovada,1610612754,1610612749,145,-165
21700933,Bovada,1610612760,1610612756,-360,280
21700934,Bovada,1610612750,1610612762,245,-290
21700935,Bovada,1610612752,1610612746,325,-450
21700936,Bovada,1610612763,1610612753,255,-310
21700937,Bovada,1610612743,1610612739,165,-190
21700938,Bovada,1610612765,1610612748,175,-210
21700939,Bovada,1610612738,1610612745,290,-380
21700940,Bovada,1610612747,1610612759,180,-220
21700941,Bovada,1610612760,1610612757,165,-190
21700942,Bovada,1610612762,1610612758,-320,260
21700943,Bovada,1610612756,1610612737,100,-120
21700944,Bovada,1610612766,1610612761,330,-460
21700945,Bovada,1610612754,1610612764,155,-175
21700946,Bovada,1610612740,1610612742,-180,160
21700947,Bovada,1610612755,1610612749,-125,105
21700948,Bovada,1610612751,1610612746,275,-350
21700949,Bovada,1610612752,1610612758,-140,120
21700950,Bovada,1610612765,1610612739,235,-275
21700951,Bovada,1610612749,1610612754,120,-140
21700952,Bovada,1610612756,1610612748,375,-550
21700953,Bovada,1610612738,1610612741,-310,255
21700954,Bovada,1610612763,1610612759,650,-1100
21700955,Bovada,1610612753,1610612762,375,-550
21700956,Bovada,1610612757,1610612747,-145,125
21700957,Bovada,1610612755,1610612766,-135,115
21700958,Bovada,1610612737,1610612761,750,-1400
21700959,Bovada,1610612748,1610612764,150,-170
21700960,Bovada,1610612745,1610612760,-210,175
21700961,Bovada,1610612743,1610612742,-275,235
21700962,Bovada,1610612752,1610612757,425,-650
21700963,Bovada,1610612751,1610612744,1000,-2200
21700964,Bovada,1610612740,1610612746,105,-125
21700965,Bovada,1610612762,1610612754,-120,100
21700966,Bovada,1610612761,1610612765,-225,185
21700967,Bovada,1610612763,1610612741,145,-165
21700968,Bovada,1610612745,1610612749,-245,205
21700969,Bovada,1610612740,1610612758,-250,210
21700970,Bovada,1610612739,1610612743,115,-135
21700971,Bovada,1610612753,1610612747,235,-275
21700972,Bovada,1610612751,1610612766,260,-320
21700973,Bovada,1610612755,1610612748,-115,-105
21700974,Bovada,1610612738,1610612750,-150,130
21700975,Bovada,1610612756,1610612760,500,-800
21700976,Bovada,1610612759,1610612744,525,-850
21700977,Bovada,1610612741,1610612765,275,-350
21700978,Bovada,1610612737,1610612754,350,-500
21700979,Bovada,1610612745,1610612761,-165,145
21700980,Bovada,1610612762,1610612763,-650,425
21700981,Bovada,1610612752,1610612749,400,-600
21700982,Bovada,1610612764,1610612740,-160,140
21700983,Bovada,1610612747,1610612743,230,-270
21700984,Bovada,1610612744,1610612757,-120,100
21700985,Bovada,1610612753,1610612758,125,-145
21700986,Bovada,1610612739,1610612746,-135,115
21700987,Bovada,1610612756,1610612766,725,-1300
21700988,Bovada,1610612764,1610612748,145,-165
21700989,Bovada,1610612763,1610612742,350,-500
21700990,Bovada,1610612759,1610612760,160,-180
21700991,Bovada,1610612753,1610612746,600,-1000
21700992,Bovada,1610612761,1610612752,-650,425
21700993,Bovada,1610612741,1610612737,110,-130
21700994,Bovada,1610612744,1610612750,-180,160
21700995,Bovada,1610612762,1610612740,-125,105
21700996,Bovada,1610612758,1610612743,600,-1000
21700997,Bovada,1610612745,1610612742,-750,475
21700998,Bovada,1610612754,1610612738,175,-210
21700999,Bovada,1610612755,1610612751,-250,210
21701000,Bovada,1610612739,1610612747,-155,135
21701001,Bovada,1610612759,1610612745,550,-900
21701002,Bovada,1610612749,1610612763,-360,280
21701003,Bovada,1610612758,1610612760,850,-1700
21701004,Bovada,1610612748,1610612757,240,-280
21701005,Bovada,1610612754,1610612755,215,-255
21701006,Bovada,1610612750,1610612764,135,-155
21701007,Bovada,1610612760,1610612737,-265,225
21701008,Bovada,1610612761,1610612751,-550,375
21701009,Bovada,1610612742,1610612752,-115,-105
21701010,Bovada,1610612746,1610612741,-360,280
21701011,Bovada,1610612766,1610612740,180,-220
21701012,Bovada,1610612753,1610612759,450,-700
21701013,Bovada,1610612765,1610612762,325,-450
21701014,Bovada,1610612739,1610612756,-350,275
21701015,Bovada,1610612743,1610612747,-120,100
21701016,Bovada,1610612749,1610612753,-630,415
21701017,Bovada,1610612764,1610612738,-190,165
21701018,Bovada,1610612748,1610612758,-290,245
21701019,Bovada,1610612747,1610612744,200,-240
21701020,Bovada,1610612761,1610612754,-190,165
21701021,Bovada,1610612766,1610612737,-230,190
21701022,Bovada,1610612755,1610612752,-600,400
21701023,Bovada,1610612746,1610612745,525,-850
21701024,Bovada,1610612741,1610612763,115,-135
21701025,Bovada,1610612740,1610612759,165,-190
21701026,Bovada,1610612765,1610612743,325,-450
21701027,Bovada,1610612756,1610612762,850,-1700
21701028,Bovada,1610612739,1610612757,190,-230
21701029,Bovada,1610612738,1610612753,-275,235
21701030,Bovada,1610612751,1610612755,310,-420
21701031,Bovada,1610612742,1610612761,450,-700
21701032,Bovada,1610612746,1610612760,210,-250
21701033,Bovada,1610612758,1610612744,310,-420
21701034,Bovada,1610612748,1610612747,125,-145
21701035,Bovada,1610612754,1610612764,165,-190
21701036,Bovada,1610612745,1610612740,-400,300
21701037,Bovada,1610612742,1610612751,165,-190
21701038,Bovada,1610612766,1610612752,-270,230
21701039,Bovada,1610612739,1610612741,-330,265
21701040,Bovada,1610612743,1610612763,-340,270
21701041,Bovada,1610612737,1610612749,500,-800
21701042,Bovada,1610612750,1610612759,160,-180
21701043,Bovada,1610612758,1610612762,900,-1900
21701044,Bovada,1610612744,1610612756,-220,180
21701045,Bovada,1610612765,1610612757,350,-500
21701046,Bovada,1610612760,1610612761,210,-250
21701047,Bovada,1610612738,1610612740,140,-160
21701048,Bovada,1610612745,1610612750,-360,280
21701049,Bovada,1610612757,1610612746,-105,-115
21701050,Bovada,1610612749,1610612739,140,-160
21701051,Bovada,1610612747,1610612754,190,-230
21701052,Bovada,1610612766,1610612755,325,-450
21701053,Bovada,1610612763,1610612751,300,-400
21701054,Bovada,1610612743,1610612748,110,-130
21701055,Bovada,1610612741,1610612752,175,-210
21701056,Bovada,1610612744,1610612759,275,-350
21701057,Bovada,1610612765,1610612758,-175,155
21701058,Bovada,1610612761,1610612753,-500,350
21701059,Bovada,1610612760,1610612738,-220,180
21701060,Bovada,1610612746,1610612750,155,-175
21701061,Bovada,1610612742,1610612740,255,-310
21701062,Bovada,1610612737,1610612762,850,-1700
21701063,Bovada,1610612765,1610612756,-360,280
21701064,Bovada,1610612745,1610612757,-175,155
21701065,Bovada,1610612761,1610612739,-120,100
21701066,Bovada,1610612763,1610612755,725,-1300
21701067,Bovada,1610612766,1610612751,-115,-105
21701068,Bovada,1610612752,1610612748,375,-550
21701069,Bovada,1610612743,1610612741,-500,350
21701070,Bovada,1610612746,1610612749,180,-220
21701071,Bovada,1610612764,1610612759,190,-230
21701072,Bovada,1610612763,1610612766,315,-430
21701073,Bovada,1610612755,1610612753,-400,300
21701074,Bovada,1610612765,1610612745,500,-800
21701075,Bovada,1610612747,1610612740,120,-140
21701076,Bovada,1610612762,1610612742,-380,290
21701077,Bovada,1610612737,1610612758,150,-170
21701078,Bovada,1610612746,1610612754,150,-170
21701079,Bovada,1610612743,1610612764,100,-120
21701080,Bovada,1610612756,1610612739,1000,-2200
21701081,Bovada,1610612750,1610612752,-260,220
21701082,Bovada,1610612751,1610612761,500,-800
21701083,Bovada,1610612749,1610612741,-180,160
21701084,Bovada,1610612748,1610612760,230,-270
21701085,Bovada,1610612762,1610612759,145,-165
21701086,Bovada,1610612738,1610612757,260,-320
21701087,Bovada,1610612737,1610612744,475,-750
21701088,Bovada,1610612750,1610612755,300,-400
21701089,Bovada,1610612741,1610612765,725,-1300
21701090,Bovada,1610612756,1610612753,265,-330
21701091,Bovada,1610612740,1610612745,300,-400
21701092,Bovada,1610612747,1610612763,-270,230
21701093,Bovada,1610612766,1610612742,-150,130
21701094,Bovada,1610612739,1610612751,-340,270
21701095,Bovada,1610612759,1610612749,-130,110
21701096,Bovada,1610612748,1610612754,135,-155
21701097,Bovada,1610612746,1610612761,320,-440
21701098,Bovada,1610612752,1610612764,450,-700
21701099,Bovada,1610612738,1610612758,-280,240
21701100,Bovada,1610612757,1610612760,155,-175
21701101,Bovada,1610612737,1610612745,800,-1600
21701102,Bovada,1610612762,1610612744,-460,330
21701103,Bovada,1610612752,1610612766,525,-850
21701104,Bovada,1610612747,1610612765,175,-210
21701105,Bovada,1610612743,1610612755,200,-240
21701106,Bovada,1610612763,1610612750,775,-1500
21701107,Bovada,1610612738,1610612756,-700,450
21701108,Bovada,1610612759,1610612764,-140,120
21701109,Bovada,1610612743,1610612761,310,-420
21701110,Bovada,1610612739,1610612748,-145,125
21701111,Bovada,1610612741,1610612745,800,-1600
21701112,Bovada,1610612757,1610612740,-125,105
21701113,Bovada,1610612742,1610612758,130,-150
21701114,Bovada,1610612754,1610612744,-360,280
21701115,Bovada,1610612749,1610612746,125,-145
21701116,Bovada,1610612739,1610612766,100,-120
21701117,Bovada,1610612751,1610612753,-150,130
21701118,Bovada,1610612752,1610612755,800,-1600
21701119,Bovada,1610612757,1610612763,-275,235
21701120,Bovada,1610612737,1610612750,650,-1100
21701121,Bovada,1610612738,1610612762,410,-620
21701122,Bovada,1610612746,1610612756,-850,525
21701123,Bovada,1610612742,1610612747,285,-370
21701124,Bovada,1610612764,1610612765,-140,120
21701125,Bovada,1610612741,1610612748,775,-1500
21701126,Bovada,1610612760,1610612759,105,-125
21701127,Bovada,1610612754,1610612758,-420,310
21701128,Bovada,1610612749,1610612744,165,-190
21701129,Bovada,1610612741,1610612753,220,-260
21701130,Bovada,1610612755,1610612737,-400,300
21701131,Bovada,1610612740,1610612739,180,-220
21701132,PinnacleSports,1610612756,1610612745,1721,-3176
21701133,Bovada,1610612743,1610612760,160,-180
21701134,Bovada,1610612750,1610612742,-240,200
21701135,Bovada,1610612763,1610612762,950,-2000
21701136,Bovada,1610612749,1610612747,-120,100
21701137,Bovada,1610612746,1610612757,200,-240
21701138,Bovada,1610612766,1610612764,235,-275
21701139,Bovada,1610612765,1610612752,-190,165
21701140,Bovada,1610612761,1610612738,-200,170
21701141,Bovada,1610612751,1610612748,310,-420
21701142,Bovada,1610612744,1610612758,-550,375
21701143,Bovada,1610612755,1610612766,-150,130
21701144,Bovada,1610612764,1610612741,-360,280
21701145,Bovada,1610612745,1610612759,-125,105
21701146,Bovada,1610612754,1610612746,135,-155
21701147,Bovada,1610612753,1610612737,105,-125
21701148,Bovada,1610612765,1610612751,-120,100
21701149,Bovada,1610612742,1610612739,500,-800
21701150,Bovada,1610612760,1610612740,-115,-105
21701151,Bovada,1610612762,1610612750,-145,125
21701152,Bovada,1610612749,1610612743,190,-230
21701153,Bovada,1610612756,1610612744,1000,-2200
21701154,Bovada,1610612763,1610612757,1300,-2500
21701155,Bovada,1610612758,1610612747,265,-330
21701156,Bovada,1610612761,1610612739,105,-125
21701157,Bovada,1610612751,1610612755,320,-440
21701158,Bovada,1610612737,1610612748,725,-1300
21701159,Bovada,1610612753,1610612752,100,-120
21701160,Bovada,1610612766,1610612741,-240,200
21701161,Bovada,1610612764,1610612745,300,-400
21701162,Bovada,1610612738,1610612749,160,-180
21701163,Bovada,1610612744,1610612760,150,-170
21701164,Bovada,1610612757,1610612742,-330,265
21701165,Bovada,1610612754,1610612743,165,-190
21701166,Bovada,1610612747,1610612762,550,-900
21701167,Bovada,1610612758,1610612756,-145,125
21701168,Bovada,1610612759,1610612746,-145,125
21701169,Bovada,1610612755,1610612765,-135,115
21701170,Bovada,1610612742,1610612753,105,-125
21701171,Bovada,1610612738,1610612761,270,-340
21701172,Bovada,1610612748,1610612737,-320,260
21701173,Bovada,1610612763,1610612740,775,-1500
21701174,Bovada,1610612759,1610612747,-275,235
21701175,Bovada,1610612744,1610612754,-160,140
21701176,Bovada,1610612764,1610612739,220,-260
21701177,Bovada,1610612757,1610612745,440,-680
21701178,Bovada,1610612751,1610612749,375,-550
21701179,Bovada,1610612746,1610612762,270,-340
21701180,Bovada,1610612750,1610612743,160,-180
21701181,Bovada,1610612742,1610612765,250,-300
21701182,Bovada,1610612766,1610612753,-320,260
21701183,Bovada,1610612739,1610612755,130,-150
21701184,Bovada,1610612737,1610612764,500,-800
21701185,Bovada,1610612741,1610612738,250,-300
21701186,Bovada,1610612748,1610612752,-400,300
21701187,Bovada,1610612754,1610612761,270,-340
21701188,Bovada,1610612758,1610612763,-175,155
21701189,Bovada,1610612740,1610612756,-1000,600
21701190,Bovada,1610612750,1610612747,-230,190
21701191,Bovada,1610612743,1610612746,-180,160
21701192,Bovada,1610612749,1610612752,-320,260
21701193,Bovada,1610612751,1610612741,-220,180
21701194,Bovada,1610612760,1610612745,165,-190
21701195,Bovada,1610612740,1610612744,225,-265
21701196,Bovada,1610612757,1610612759,175,-210
21701197,Bovada,1610612754,1610612766,-125,105
21701198,Bovada,1610612742,1610612755,775,-1500
21701199,Bovada,1610612765,1610612763,-255,215
21701200,Bovada,1610612753,1610612761,475,-750
21701201,Bovada,1610612762,1610612747,-550,375
21701202,Bovada,1610612737,1610612738,375,-550
21701203,Bovada,1610612744,1610612756,-1100,650
21701204,Bovada,1610612761,1610612765,-250,210
21701205,Bovada,1610612741,1610612751,255,-310
21701206,Bovada,1610612760,1610612748,-220,180
21701207,Bovada,1610612739,1610612752,-1100,650
21701208,Bovada,1610612753,1610612749,450,-700
21701209,Bovada,1610612763,1610612750,1200,-2400
21701210,Bovada,1610612758,1610612759,1000,-2500
21701211,Bovada,1610612757,1610612743,170,-200
21701212,Bovada,1610612740,1610612746,-480,340
21701213,Bovada,1610612766,1610612754,105,-125
21701214,Bovada,1610612755,1610612737,-650,425
21701215,Bovada,1610612738,1610612764,260,-320
21701216,Bovada,1610612756,1610612742,125,-145
21701217,Bovada,1610612744,1610612762,280,-360
21701218,Bovada,1610612745,1610612747,-400,300
21701219,Bovada,1610612751,1610612738,-180,160
21701220,Bovada,1610612752,1610612739,800,-1600
21701221,Bovada,1610612761,1610612748,125,-145
21701222,Bovada,1610612764,1610612753,-255,215
21701223,Bovada,1610612749,1610612755,210,-250
21701224,Bovada,1610612765,1610612741,-200,170
21701225,Bovada,1610612743,1610612750,160,-180
21701226,Bovada,1610612759,1610612740,140,-160
21701227,Pinnacle Sports,1610612763,1610612760,1817,-3500
21701228,Bovada,1610612747,1610612746,120,-140
21701229,Bovada,1610612762,1610612757,110,-130
21701230,Bovada,1610612745,1610612758,120,-140
